"area","acc","recall","precision","F1","type_1_error","type_2_error","F1_makro"
0,0.86,0.855670103092783,1,0.922222222222222,0,0.144329896907216,0.637121212121212
1,0.91,1,0.1,0.181818181818182,0.0909090909090909,0,0.637121212121212
2,0.95,1,0.285714285714286,0.444444444444444,0.0510204081632653,0,0.637121212121212
3,1,1,1,1,0,0,0.637121212121212
